Borough,Year,Week,NumberAccidents,NumberLethalAccidents,sum(NumberInjured),sum(NumberKilled),AvgNumberLethalAccidents
BOROUGH_NOT_SPECIFIED,2012,1,94,0,32,0,0.0
BRONX,2012,1,59,0,36,0,0.0
BROOKLYN,2012,1,122,1,64,2,0.00819672131147541
MANHATTAN,2012,1,83,0,12,0,0.0
QUEENS,2012,1,97,0,32,0,0.0
STATEN ISLAND,2012,1,27,0,20,0,0.0
BOROUGH_NOT_SPECIFIED,2012,26,118,0,76,0,0.0
BRONX,2012,26,39,0,22,0,0.0
BROOKLYN,2012,26,135,0,94,0,0.0
MANHATTAN,2012,26,119,0,72,0,0.0
QUEENS,2012,26,101,0,52,0,0.0
STATEN ISLAND,2012,26,26,0,16,0,0.0
BOROUGH_NOT_SPECIFIED,2012,27,846,0,582,0,0.0
BRONX,2012,27,413,0,280,0,0.0
BROOKLYN,2012,27,908,3,646,6,0.003303964757709251
MANHATTAN,2012,27,750,0,286,0,0.0
QUEENS,2012,27,750,1,456,2,0.0013333333333333333
STATEN ISLAND,2012,27,176,0,70,0,0.0
BOROUGH_NOT_SPECIFIED,2012,28,903,1,558,2,0.0011074197120708748
BRONX,2012,28,362,3,248,6,0.008287292817679558
BROOKLYN,2012,28,912,0,638,0,0.0
MANHATTAN,2012,28,814,1,316,2,0.0012285012285012285
QUEENS,2012,28,672,0,384,0,0.0
STATEN ISLAND,2012,28,169,0,68,0,0.0
BOROUGH_NOT_SPECIFIED,2012,29,923,0,586,0,0.0
BRONX,2012,29,355,1,278,2,0.0028169014084507044
BROOKLYN,2012,29,849,2,588,4,0.002355712603062426
MANHATTAN,2012,29,842,0,320,0,0.0
QUEENS,2012,29,758,3,408,14,0.00395778364116095
STATEN ISLAND,2012,29,159,0,82,0,0.0
BOROUGH_NOT_SPECIFIED,2012,30,810,0,454,0,0.0
BRONX,2012,30,373,0,176,0,0.0
BROOKLYN,2012,30,830,0,550,0,0.0
MANHATTAN,2012,30,883,0,324,0,0.0
QUEENS,2012,30,737,0,430,0,0.0
STATEN ISLAND,2012,30,187,1,124,2,0.0053475935828877
BOROUGH_NOT_SPECIFIED,2012,31,928,1,476,2,0.0010775862068965517
BRONX,2012,31,400,0,228,0,0.0
BROOKLYN,2012,31,850,1,574,2,0.001176470588235294
MANHATTAN,2012,31,850,2,330,4,0.002352941176470588
QUEENS,2012,31,721,0,386,0,0.0
STATEN ISLAND,2012,31,178,1,68,2,0.0056179775280898875
BOROUGH_NOT_SPECIFIED,2012,32,813,1,446,2,0.0012300123001230013
BRONX,2012,32,391,1,222,2,0.0025575447570332483
BROOKLYN,2012,32,911,3,562,6,0.003293084522502744
MANHATTAN,2012,32,835,2,326,4,0.0023952095808383233
QUEENS,2012,32,741,0,434,0,0.0
STATEN ISLAND,2012,32,186,0,128,0,0.0
BOROUGH_NOT_SPECIFIED,2012,33,896,1,538,2,0.0011160714285714285
BRONX,2012,33,349,0,218,0,0.0
BROOKLYN,2012,33,887,0,578,0,0.0
MANHATTAN,2012,33,816,0,286,0,0.0
QUEENS,2012,33,675,0,400,0,0.0
STATEN ISLAND,2012,33,197,0,78,0,0.0
BOROUGH_NOT_SPECIFIED,2012,34,848,2,504,4,0.0023584905660377358
BRONX,2012,34,348,3,240,6,0.008620689655172414
BROOKLYN,2012,34,818,2,506,4,0.0024449877750611247
MANHATTAN,2012,34,755,1,268,2,0.0013245033112582781
QUEENS,2012,34,631,2,480,4,0.003169572107765452
STATEN ISLAND,2012,34,179,0,84,0,0.0
BOROUGH_NOT_SPECIFIED,2012,35,924,3,564,6,0.003246753246753247
BRONX,2012,35,366,2,180,4,0.00546448087431694
BROOKLYN,2012,35,951,0,680,0,0.0
MANHATTAN,2012,35,756,0,304,0,0.0
QUEENS,2012,35,742,0,406,0,0.0
STATEN ISLAND,2012,35,200,1,118,4,0.005
BOROUGH_NOT_SPECIFIED,2012,36,884,0,638,0,0.0
BRONX,2012,36,351,0,190,0,0.0
BROOKLYN,2012,36,963,1,662,2,0.0010384215991692627
MANHATTAN,2012,36,812,0,318,0,0.0
QUEENS,2012,36,701,0,434,0,0.0
STATEN ISLAND,2012,36,183,0,90,0,0.0
BOROUGH_NOT_SPECIFIED,2012,37,918,3,446,6,0.0032679738562091504
BRONX,2012,37,390,0,256,0,0.0
BROOKLYN,2012,37,912,1,612,2,0.0010964912280701754
MANHATTAN,2012,37,843,2,286,4,0.002372479240806643
QUEENS,2012,37,818,1,452,2,0.0012224938875305623
STATEN ISLAND,2012,37,181,0,86,0,0.0
BOROUGH_NOT_SPECIFIED,2012,38,876,1,540,2,0.001141552511415525
BRONX,2012,38,360,1,214,2,0.002777777777777778
BROOKLYN,2012,38,804,2,570,4,0.0024875621890547263
MANHATTAN,2012,38,866,3,370,6,0.003464203233256351
QUEENS,2012,38,706,1,390,2,0.00141643059490085
STATEN ISLAND,2012,38,211,0,112,0,0.0
BOROUGH_NOT_SPECIFIED,2012,39,848,2,532,4,0.0023584905660377358
BRONX,2012,39,357,1,204,2,0.0028011204481792717
BROOKLYN,2012,39,855,2,544,4,0.0023391812865497076
MANHATTAN,2012,39,812,2,300,4,0.0024630541871921183
QUEENS,2012,39,750,2,444,4,0.0026666666666666666
STATEN ISLAND,2012,39,193,0,98,0,0.0
BOROUGH_NOT_SPECIFIED,2012,40,867,0,516,0,0.0
BRONX,2012,40,386,0,228,0,0.0
BROOKLYN,2012,40,845,1,544,2,0.001183431952662722
MANHATTAN,2012,40,822,0,324,0,0.0
QUEENS,2012,40,747,0,478,0,0.0
STATEN ISLAND,2012,40,210,1,110,2,0.004761904761904762
BOROUGH_NOT_SPECIFIED,2012,41,894,1,462,2,0.0011185682326621924
BRONX,2012,41,362,0,222,0,0.0
BROOKLYN,2012,41,891,0,580,0,0.0
MANHATTAN,2012,41,815,1,292,2,0.001226993865030675
QUEENS,2012,41,736,1,462,2,0.001358695652173913
STATEN ISLAND,2012,41,202,0,106,0,0.0
BOROUGH_NOT_SPECIFIED,2012,42,1023,4,584,8,0.0039100684261974585
BRONX,2012,42,365,1,176,2,0.0027397260273972603
BROOKLYN,2012,42,929,0,608,0,0.0
MANHATTAN,2012,42,863,0,316,0,0.0
QUEENS,2012,42,797,2,490,4,0.002509410288582183
STATEN ISLAND,2012,42,228,1,116,2,0.0043859649122807015
BOROUGH_NOT_SPECIFIED,2012,43,849,0,402,0,0.0
BRONX,2012,43,380,2,240,4,0.005263157894736842
BROOKLYN,2012,43,901,2,614,4,0.0022197558268590455
MANHATTAN,2012,43,741,1,262,2,0.001349527665317139
QUEENS,2012,43,637,2,372,4,0.0031397174254317113
STATEN ISLAND,2012,43,152,0,88,0,0.0
BOROUGH_NOT_SPECIFIED,2012,44,533,0,308,0,0.0
BRONX,2012,44,251,0,112,0,0.0
BROOKLYN,2012,44,661,0,328,0,0.0
MANHATTAN,2012,44,501,1,186,2,0.001996007984031936
QUEENS,2012,44,604,1,316,2,0.0016556291390728477
STATEN ISLAND,2012,44,104,1,70,2,0.009615384615384616
BOROUGH_NOT_SPECIFIED,2012,45,833,0,332,0,0.0
BRONX,2012,45,393,0,184,0,0.0
BROOKLYN,2012,45,955,0,534,0,0.0
MANHATTAN,2012,45,731,1,298,2,0.0013679890560875513
QUEENS,2012,45,802,0,454,0,0.0
STATEN ISLAND,2012,45,205,1,92,2,0.004878048780487805
BOROUGH_NOT_SPECIFIED,2012,46,1028,0,456,0,0.0
BRONX,2012,46,330,0,222,0,0.0
BROOKLYN,2012,46,975,3,550,6,0.003076923076923077
MANHATTAN,2012,46,828,0,258,0,0.0
QUEENS,2012,46,744,1,366,2,0.0013440860215053765
STATEN ISLAND,2012,46,197,0,104,0,0.0
BOROUGH_NOT_SPECIFIED,2012,47,880,1,446,2,0.0011363636363636363
BRONX,2012,47,326,0,226,0,0.0
BROOKLYN,2012,47,844,1,546,2,0.001184834123222749
MANHATTAN,2012,47,676,1,270,2,0.0014792899408284023
QUEENS,2012,47,767,1,398,2,0.001303780964797914
STATEN ISLAND,2012,47,190,0,114,0,0.0
BOROUGH_NOT_SPECIFIED,2012,48,806,1,460,2,0.0012406947890818859
BRONX,2012,48,341,0,220,0,0.0
BROOKLYN,2012,48,847,1,424,2,0.0011806375442739079
MANHATTAN,2012,48,798,0,300,0,0.0
QUEENS,2012,48,708,0,386,0,0.0
STATEN ISLAND,2012,48,183,0,78,0,0.0
BOROUGH_NOT_SPECIFIED,2012,49,951,0,476,0,0.0
BRONX,2012,49,346,0,214,0,0.0
BROOKLYN,2012,49,1039,1,730,2,9.624639076034649E-4
MANHATTAN,2012,49,853,0,280,0,0.0
QUEENS,2012,49,826,0,504,0,0.0
STATEN ISLAND,2012,49,197,0,112,0,0.0
BOROUGH_NOT_SPECIFIED,2012,50,897,2,468,4,0.002229654403567447
BRONX,2012,50,389,1,270,2,0.002570694087403599
BROOKLYN,2012,50,933,3,578,8,0.003215434083601286
MANHATTAN,2012,50,822,1,316,2,0.0012165450121654502
QUEENS,2012,50,726,0,422,0,0.0
STATEN ISLAND,2012,50,195,0,78,0,0.0
BOROUGH_NOT_SPECIFIED,2012,51,1008,1,528,2,9.92063492063492E-4
BRONX,2012,51,385,0,246,0,0.0
BROOKLYN,2012,51,949,1,580,2,0.001053740779768177
MANHATTAN,2012,51,827,1,264,2,0.0012091898428053204
QUEENS,2012,51,807,1,422,2,0.0012391573729863693
STATEN ISLAND,2012,51,214,2,102,4,0.009345794392523364
BOROUGH_NOT_SPECIFIED,2012,52,764,2,440,4,0.002617801047120419
BRONX,2012,52,342,1,204,2,0.0029239766081871343
BROOKLYN,2012,52,822,1,564,2,0.0012165450121654502
MANHATTAN,2012,52,603,1,250,2,0.001658374792703151
QUEENS,2012,52,634,5,354,10,0.007886435331230283
STATEN ISLAND,2012,52,173,1,78,2,0.005780346820809248
BOROUGH_NOT_SPECIFIED,2013,1,843,1,428,2,0.0011862396204033216
BRONX,2013,1,399,3,260,6,0.007518796992481203
BROOKLYN,2013,1,875,3,540,10,0.0034285714285714284
MANHATTAN,2013,1,677,1,228,2,0.0014771048744460858
QUEENS,2013,1,690,1,390,2,0.0014492753623188406
STATEN ISLAND,2013,1,153,0,76,0,0.0
BOROUGH_NOT_SPECIFIED,2013,2,818,0,478,0,0.0
BRONX,2013,2,343,0,220,0,0.0
BROOKLYN,2013,2,881,0,586,0,0.0
MANHATTAN,2013,2,668,0,222,0,0.0
QUEENS,2013,2,685,3,438,6,0.004379562043795621
STATEN ISLAND,2013,2,189,0,82,0,0.0
BOROUGH_NOT_SPECIFIED,2013,3,850,1,470,2,0.001176470588235294
BRONX,2013,3,328,0,194,0,0.0
BROOKLYN,2013,3,785,0,432,0,0.0
MANHATTAN,2013,3,735,2,270,4,0.0027210884353741495
QUEENS,2013,3,705,2,320,4,0.0028368794326241137
STATEN ISLAND,2013,3,162,0,74,0,0.0
BOROUGH_NOT_SPECIFIED,2013,4,836,0,456,0,0.0
BRONX,2013,4,341,0,168,0,0.0
BROOKLYN,2013,4,853,3,496,6,0.0035169988276670576
MANHATTAN,2013,4,703,0,252,0,0.0
QUEENS,2013,4,733,1,378,2,0.001364256480218281
STATEN ISLAND,2013,4,193,0,76,0,0.0
BOROUGH_NOT_SPECIFIED,2013,5,807,0,358,0,0.0
BRONX,2013,5,365,1,194,2,0.0027397260273972603
BROOKLYN,2013,5,911,2,482,4,0.0021953896816684962
MANHATTAN,2013,5,730,2,314,4,0.0027397260273972603
QUEENS,2013,5,711,3,360,6,0.004219409282700422
STATEN ISLAND,2013,5,167,1,94,2,0.005988023952095809
BOROUGH_NOT_SPECIFIED,2013,6,776,0,410,0,0.0
BRONX,2013,6,419,0,236,0,0.0
BROOKLYN,2013,6,879,0,406,0,0.0
MANHATTAN,2013,6,688,3,236,6,0.00436046511627907
QUEENS,2013,6,758,1,302,2,0.0013192612137203166
STATEN ISLAND,2013,6,196,0,62,0,0.0
BOROUGH_NOT_SPECIFIED,2013,7,824,1,476,2,0.0012135922330097086
BRONX,2013,7,388,1,252,2,0.002577319587628866
BROOKLYN,2013,7,848,1,488,2,0.0011792452830188679
MANHATTAN,2013,7,719,0,294,0,0.0
QUEENS,2013,7,708,2,334,4,0.002824858757062147
STATEN ISLAND,2013,7,184,0,128,0,0.0
BOROUGH_NOT_SPECIFIED,2013,8,756,1,378,2,0.0013227513227513227
BRONX,2013,8,341,0,224,0,0.0
BROOKLYN,2013,8,769,2,474,4,0.002600780234070221
MANHATTAN,2013,8,703,1,258,2,0.001422475106685633
QUEENS,2013,8,614,2,264,4,0.003257328990228013
STATEN ISLAND,2013,8,178,0,58,0,0.0
BOROUGH_NOT_SPECIFIED,2013,9,892,3,428,6,0.0033632286995515697
BRONX,2013,9,371,1,262,2,0.0026954177897574125
BROOKLYN,2013,9,841,2,496,8,0.0023781212841854932
MANHATTAN,2013,9,745,1,244,2,0.0013422818791946308
QUEENS,2013,9,654,1,362,2,0.0015290519877675841
STATEN ISLAND,2013,9,170,0,86,0,0.0
BOROUGH_NOT_SPECIFIED,2013,10,830,0,404,0,0.0
BRONX,2013,10,453,0,242,0,0.0
BROOKLYN,2013,10,923,2,570,4,0.0021668472372697724
MANHATTAN,2013,10,759,2,256,4,0.002635046113306983
QUEENS,2013,10,789,1,418,2,0.0012674271229404308
STATEN ISLAND,2013,10,215,0,112,0,0.0
BOROUGH_NOT_SPECIFIED,2013,11,853,4,376,8,0.004689331770222743
BRONX,2013,11,412,1,198,2,0.0024271844660194173
BROOKLYN,2013,11,862,0,524,0,0.0
MANHATTAN,2013,11,798,0,284,0,0.0
QUEENS,2013,11,718,1,394,2,0.001392757660167131
STATEN ISLAND,2013,11,172,0,78,0,0.0
BOROUGH_NOT_SPECIFIED,2013,12,894,1,484,2,0.0011185682326621924
BRONX,2013,12,396,0,190,0,0.0
BROOKLYN,2013,12,812,1,506,2,0.0012315270935960591
MANHATTAN,2013,12,724,0,240,0,0.0
QUEENS,2013,12,747,1,308,2,0.0013386880856760374
STATEN ISLAND,2013,12,199,0,124,0,0.0
BOROUGH_NOT_SPECIFIED,2013,13,726,3,430,6,0.004132231404958678
BRONX,2013,13,330,0,186,0,0.0
BROOKLYN,2013,13,735,0,428,0,0.0
MANHATTAN,2013,13,697,0,284,0,0.0
QUEENS,2013,13,740,0,474,0,0.0
STATEN ISLAND,2013,13,144,0,54,0,0.0
BOROUGH_NOT_SPECIFIED,2013,14,806,1,418,4,0.0012406947890818859
BRONX,2013,14,346,0,270,0,0.0
BROOKLYN,2013,14,821,3,552,6,0.0036540803897685747
MANHATTAN,2013,14,745,1,216,2,0.0013422818791946308
QUEENS,2013,14,688,1,308,2,0.0014534883720930232
STATEN ISLAND,2013,14,171,0,108,0,0.0
BOROUGH_NOT_SPECIFIED,2013,15,866,1,444,2,0.0011547344110854503
BRONX,2013,15,379,0,246,0,0.0
BROOKLYN,2013,15,953,0,668,0,0.0
MANHATTAN,2013,15,820,0,316,0,0.0
QUEENS,2013,15,763,0,434,0,0.0
STATEN ISLAND,2013,15,187,0,104,0,0.0
BOROUGH_NOT_SPECIFIED,2013,16,908,0,450,0,0.0
BRONX,2013,16,399,0,206,0,0.0
BROOKLYN,2013,16,881,1,562,2,0.0011350737797956867
MANHATTAN,2013,16,781,1,336,2,0.0012804097311139564
QUEENS,2013,16,702,1,426,2,0.0014245014245014246
STATEN ISLAND,2013,16,157,0,72,0,0.0
BOROUGH_NOT_SPECIFIED,2013,17,926,1,494,2,0.0010799136069114472
BRONX,2013,17,377,0,240,0,0.0
BROOKLYN,2013,17,910,1,596,2,0.001098901098901099
MANHATTAN,2013,17,772,0,280,0,0.0
QUEENS,2013,17,731,1,452,2,0.0013679890560875513
STATEN ISLAND,2013,17,175,0,104,0,0.0
BOROUGH_NOT_SPECIFIED,2013,18,893,1,534,2,0.0011198208286674132
BRONX,2013,18,369,0,230,0,0.0
BROOKLYN,2013,18,979,0,672,0,0.0
MANHATTAN,2013,18,854,1,298,2,0.00117096018735363
QUEENS,2013,18,789,1,452,2,0.0012674271229404308
STATEN ISLAND,2013,18,231,0,132,0,0.0
BOROUGH_NOT_SPECIFIED,2013,19,945,1,490,2,0.0010582010582010583
BRONX,2013,19,388,1,246,2,0.002577319587628866
BROOKLYN,2013,19,1018,1,710,2,9.823182711198428E-4
MANHATTAN,2013,19,849,0,320,0,0.0
QUEENS,2013,19,725,1,480,2,0.001379310344827586
STATEN ISLAND,2013,19,198,0,102,0,0.0
BOROUGH_NOT_SPECIFIED,2013,20,901,1,404,2,0.0011098779134295228
BRONX,2013,20,426,2,326,4,0.004694835680751174
BROOKLYN,2013,20,879,1,474,2,0.0011376564277588168
MANHATTAN,2013,20,839,0,274,0,0.0
QUEENS,2013,20,792,2,392,4,0.0025252525252525255
STATEN ISLAND,2013,20,185,0,64,0,0.0
BOROUGH_NOT_SPECIFIED,2013,21,941,1,566,2,0.0010626992561105207
BRONX,2013,21,403,1,178,2,0.0024813895781637717
BROOKLYN,2013,21,989,0,718,0,0.0
MANHATTAN,2013,21,923,0,316,0,0.0
QUEENS,2013,21,834,0,518,0,0.0
STATEN ISLAND,2013,21,206,0,92,0,0.0
BOROUGH_NOT_SPECIFIED,2013,22,942,0,604,0,0.0
BRONX,2013,22,433,0,282,0,0.0
BROOKLYN,2013,22,999,2,608,4,0.002002002002002002
MANHATTAN,2013,22,829,1,242,2,0.0012062726176115801
QUEENS,2013,22,798,1,410,2,0.0012531328320802004
STATEN ISLAND,2013,22,218,0,110,0,0.0
BOROUGH_NOT_SPECIFIED,2013,23,1038,0,638,0,0.0
BRONX,2013,23,451,0,272,0,0.0
BROOKLYN,2013,23,1023,0,668,0,0.0
MANHATTAN,2013,23,874,3,354,6,0.003432494279176201
QUEENS,2013,23,830,0,478,0,0.0
STATEN ISLAND,2013,23,202,0,124,0,0.0
BOROUGH_NOT_SPECIFIED,2013,24,940,3,538,6,0.0031914893617021275
BRONX,2013,24,419,3,252,6,0.007159904534606206
BROOKLYN,2013,24,982,3,686,6,0.003054989816700611
MANHATTAN,2013,24,872,0,366,0,0.0
QUEENS,2013,24,764,1,386,2,0.0013089005235602095
STATEN ISLAND,2013,24,196,0,96,0,0.0
BOROUGH_NOT_SPECIFIED,2013,25,994,3,586,6,0.0030181086519114686
BRONX,2013,25,375,0,280,0,0.0
BROOKLYN,2013,25,1084,0,700,0,0.0
MANHATTAN,2013,25,871,0,318,0,0.0
QUEENS,2013,25,768,0,452,0,0.0
STATEN ISLAND,2013,25,231,0,120,0,0.0
BOROUGH_NOT_SPECIFIED,2013,26,933,3,434,8,0.003215434083601286
BRONX,2013,26,393,1,276,2,0.002544529262086514
BROOKLYN,2013,26,955,0,692,0,0.0
MANHATTAN,2013,26,909,1,290,2,0.0011001100110011
QUEENS,2013,26,772,0,466,0,0.0
STATEN ISLAND,2013,26,206,0,126,0,0.0
BOROUGH_NOT_SPECIFIED,2013,27,937,2,532,4,0.0021344717182497333
BRONX,2013,27,422,0,294,0,0.0
BROOKLYN,2013,27,939,2,696,4,0.002129925452609159
MANHATTAN,2013,27,715,1,286,2,0.0013986013986013986
QUEENS,2013,27,736,1,402,2,0.001358695652173913
STATEN ISLAND,2013,27,122,0,110,0,0.0
BOROUGH_NOT_SPECIFIED,2013,28,996,0,502,0,0.0
BRONX,2013,28,404,1,252,2,0.0024752475247524753
BROOKLYN,2013,28,901,1,558,2,0.0011098779134295228
MANHATTAN,2013,28,823,0,338,0,0.0
QUEENS,2013,28,746,1,404,2,0.0013404825737265416
STATEN ISLAND,2013,28,137,0,64,0,0.0
BOROUGH_NOT_SPECIFIED,2013,29,1014,1,532,2,9.861932938856016E-4
BRONX,2013,29,389,0,308,0,0.0
BROOKLYN,2013,29,921,0,674,0,0.0
MANHATTAN,2013,29,827,0,316,0,0.0
QUEENS,2013,29,838,1,462,2,0.0011933174224343676
STATEN ISLAND,2013,29,114,0,76,0,0.0
BOROUGH_NOT_SPECIFIED,2013,30,920,1,628,2,0.0010869565217391304
BRONX,2013,30,355,1,232,2,0.0028169014084507044
BROOKLYN,2013,30,851,3,716,6,0.0035252643948296123
MANHATTAN,2013,30,857,1,314,2,0.0011668611435239206
QUEENS,2013,30,775,3,464,6,0.003870967741935484
STATEN ISLAND,2013,30,99,0,42,0,0.0
BOROUGH_NOT_SPECIFIED,2013,31,944,1,518,2,0.001059322033898305
BRONX,2013,31,411,0,254,0,0.0
BROOKLYN,2013,31,884,0,626,0,0.0
MANHATTAN,2013,31,849,3,330,6,0.0035335689045936395
QUEENS,2013,31,738,3,442,6,0.0040650406504065045
STATEN ISLAND,2013,31,120,0,98,0,0.0
BOROUGH_NOT_SPECIFIED,2013,32,892,2,538,4,0.002242152466367713
BRONX,2013,32,359,0,206,0,0.0
BROOKLYN,2013,32,849,2,568,4,0.002355712603062426
MANHATTAN,2013,32,754,0,330,0,0.0
QUEENS,2013,32,725,2,432,6,0.002758620689655172
STATEN ISLAND,2013,32,119,1,48,2,0.008403361344537815
BOROUGH_NOT_SPECIFIED,2013,33,995,2,568,4,0.0020100502512562816
BRONX,2013,33,364,0,248,0,0.0
BROOKLYN,2013,33,877,4,674,8,0.004561003420752566
MANHATTAN,2013,33,857,1,286,2,0.0011668611435239206
QUEENS,2013,33,701,3,376,6,0.0042796005706134095
STATEN ISLAND,2013,33,122,0,100,0,0.0
BOROUGH_NOT_SPECIFIED,2013,34,886,3,506,6,0.003386004514672686
BRONX,2013,34,372,0,234,0,0.0
BROOKLYN,2013,34,887,2,640,4,0.002254791431792559
MANHATTAN,2013,34,796,2,316,4,0.002512562814070352
QUEENS,2013,34,701,1,442,4,0.0014265335235378032
STATEN ISLAND,2013,34,121,0,48,0,0.0
BOROUGH_NOT_SPECIFIED,2013,35,912,1,568,2,0.0010964912280701754
BRONX,2013,35,330,2,230,4,0.006060606060606061
BROOKLYN,2013,35,913,2,664,4,0.002190580503833516
MANHATTAN,2013,35,744,0,296,0,0.0
QUEENS,2013,35,645,0,388,0,0.0
STATEN ISLAND,2013,35,96,0,46,0,0.0
BOROUGH_NOT_SPECIFIED,2013,36,931,1,560,2,0.0010741138560687433
BRONX,2013,36,353,1,250,2,0.0028328611898017
BROOKLYN,2013,36,847,0,686,0,0.0
MANHATTAN,2013,36,765,1,338,2,0.00130718954248366
QUEENS,2013,36,686,2,456,4,0.0029154518950437317
STATEN ISLAND,2013,36,105,0,30,0,0.0
BOROUGH_NOT_SPECIFIED,2013,37,962,3,496,6,0.0031185031185031187
BRONX,2013,37,396,0,266,0,0.0
BROOKLYN,2013,37,982,1,732,2,0.0010183299389002036
MANHATTAN,2013,37,913,0,310,0,0.0
QUEENS,2013,37,791,3,462,8,0.0037926675094816687
STATEN ISLAND,2013,37,133,0,58,0,0.0
BOROUGH_NOT_SPECIFIED,2013,38,974,0,610,0,0.0
BRONX,2013,38,412,1,276,2,0.0024271844660194173
BROOKLYN,2013,38,883,2,642,4,0.0022650056625141564
MANHATTAN,2013,38,857,0,354,0,0.0
QUEENS,2013,38,808,2,484,4,0.0024752475247524753
STATEN ISLAND,2013,38,131,0,58,0,0.0
BOROUGH_NOT_SPECIFIED,2013,39,958,4,518,8,0.0041753653444676405
BRONX,2013,39,398,0,244,0,0.0
BROOKLYN,2013,39,816,1,558,2,0.0012254901960784314
MANHATTAN,2013,39,829,0,308,0,0.0
QUEENS,2013,39,777,3,446,6,0.003861003861003861
STATEN ISLAND,2013,39,158,0,92,0,0.0
BOROUGH_NOT_SPECIFIED,2013,40,954,2,526,4,0.0020964360587002098
BRONX,2013,40,372,1,256,2,0.002688172043010753
BROOKLYN,2013,40,924,0,634,0,0.0
MANHATTAN,2013,40,840,0,360,0,0.0
QUEENS,2013,40,787,2,356,4,0.0025412960609911056
STATEN ISLAND,2013,40,137,0,80,0,0.0
BOROUGH_NOT_SPECIFIED,2013,41,974,2,506,4,0.002053388090349076
BRONX,2013,41,333,1,226,2,0.003003003003003003
BROOKLYN,2013,41,905,2,564,4,0.0022099447513812156
MANHATTAN,2013,41,837,0,266,0,0.0
QUEENS,2013,41,778,1,416,2,0.0012853470437017994
STATEN ISLAND,2013,41,131,0,62,0,0.0
BOROUGH_NOT_SPECIFIED,2013,42,919,0,540,0,0.0
BRONX,2013,42,381,0,260,0,0.0
BROOKLYN,2013,42,870,3,592,6,0.0034482758620689655
MANHATTAN,2013,42,807,1,300,2,0.0012391573729863693
QUEENS,2013,42,722,0,396,0,0.0
STATEN ISLAND,2013,42,119,0,50,0,0.0
BOROUGH_NOT_SPECIFIED,2013,43,1004,1,588,2,9.9601593625498E-4
BRONX,2013,43,356,1,258,2,0.0028089887640449437
BROOKLYN,2013,43,944,2,598,4,0.00211864406779661
MANHATTAN,2013,43,844,0,354,0,0.0
QUEENS,2013,43,843,0,520,0,0.0
STATEN ISLAND,2013,43,140,0,74,0,0.0
BOROUGH_NOT_SPECIFIED,2013,44,1005,1,616,2,9.950248756218905E-4
BRONX,2013,44,332,2,208,4,0.006024096385542169
BROOKLYN,2013,44,906,2,674,4,0.002207505518763797
MANHATTAN,2013,44,859,0,288,0,0.0
QUEENS,2013,44,804,1,404,2,0.0012437810945273632
STATEN ISLAND,2013,44,162,0,124,0,0.0
BOROUGH_NOT_SPECIFIED,2013,45,995,2,464,6,0.0020100502512562816
BRONX,2013,45,367,3,226,6,0.008174386920980926
BROOKLYN,2013,45,954,0,568,0,0.0
MANHATTAN,2013,45,855,1,258,2,0.0011695906432748538
QUEENS,2013,45,843,1,424,2,0.0011862396204033216
STATEN ISLAND,2013,45,162,0,84,0,0.0
BOROUGH_NOT_SPECIFIED,2013,46,1030,3,618,6,0.002912621359223301
BRONX,2013,46,393,1,290,2,0.002544529262086514
BROOKLYN,2013,46,889,0,588,0,0.0
MANHATTAN,2013,46,832,1,308,2,0.001201923076923077
QUEENS,2013,46,791,2,404,6,0.0025284450063211127
STATEN ISLAND,2013,46,141,0,56,0,0.0
BOROUGH_NOT_SPECIFIED,2013,47,1021,2,548,4,0.0019588638589618022
BRONX,2013,47,368,1,280,2,0.002717391304347826
BROOKLYN,2013,47,963,1,582,2,0.0010384215991692627
MANHATTAN,2013,47,862,2,284,4,0.002320185614849188
QUEENS,2013,47,840,0,418,0,0.0
STATEN ISLAND,2013,47,123,0,64,0,0.0
BOROUGH_NOT_SPECIFIED,2013,48,1005,4,532,10,0.003980099502487562
BRONX,2013,48,377,0,216,0,0.0
BROOKLYN,2013,48,952,2,626,4,0.0021008403361344537
MANHATTAN,2013,48,790,3,306,6,0.0037974683544303796
QUEENS,2013,48,834,2,408,4,0.002398081534772182
STATEN ISLAND,2013,48,125,0,56,0,0.0
BOROUGH_NOT_SPECIFIED,2013,49,957,4,570,8,0.0041797283176593526
BRONX,2013,49,356,0,192,0,0.0
BROOKLYN,2013,49,921,0,630,0,0.0
MANHATTAN,2013,49,843,0,280,0,0.0
QUEENS,2013,49,765,1,428,2,0.00130718954248366
STATEN ISLAND,2013,49,135,0,68,0,0.0
BOROUGH_NOT_SPECIFIED,2013,50,987,3,478,6,0.00303951367781155
BRONX,2013,50,391,0,234,0,0.0
BROOKLYN,2013,50,950,1,538,2,0.0010526315789473684
MANHATTAN,2013,50,877,0,294,0,0.0
QUEENS,2013,50,881,1,374,2,0.0011350737797956867
STATEN ISLAND,2013,50,180,1,62,2,0.005555555555555556
BOROUGH_NOT_SPECIFIED,2013,51,1054,2,500,4,0.0018975332068311196
BRONX,2013,51,405,1,244,2,0.0024691358024691358
BROOKLYN,2013,51,1044,0,566,0,0.0
MANHATTAN,2013,51,846,2,278,4,0.002364066193853428
QUEENS,2013,51,906,2,438,6,0.002207505518763797
STATEN ISLAND,2013,51,167,0,80,0,0.0
BOROUGH_NOT_SPECIFIED,2013,52,777,2,400,4,0.002574002574002574
BRONX,2013,52,326,0,204,0,0.0
BROOKLYN,2013,52,788,2,490,4,0.0025380710659898475
MANHATTAN,2013,52,615,0,162,0,0.0
QUEENS,2013,52,634,0,318,0,0.0
STATEN ISLAND,2013,52,111,1,34,2,0.009009009009009009
BOROUGH_NOT_SPECIFIED,2014,1,836,3,396,6,0.0035885167464114833
BRONX,2014,1,343,1,186,2,0.0029154518950437317
BROOKLYN,2014,1,851,1,418,2,0.0011750881316098707
MANHATTAN,2014,1,602,1,158,2,0.0016611295681063123
QUEENS,2014,1,738,1,318,2,0.0013550135501355014
STATEN ISLAND,2014,1,132,1,66,2,0.007575757575757576
BOROUGH_NOT_SPECIFIED,2014,2,859,0,444,0,0.0
BRONX,2014,2,346,1,214,2,0.002890173410404624
BROOKLYN,2014,2,886,3,492,6,0.003386004514672686
MANHATTAN,2014,2,713,2,258,4,0.002805049088359046
QUEENS,2014,2,773,0,400,0,0.0
STATEN ISLAND,2014,2,128,1,50,2,0.0078125
BOROUGH_NOT_SPECIFIED,2014,3,833,2,420,4,0.0024009603841536613
BRONX,2014,3,351,0,252,0,0.0
BROOKLYN,2014,3,836,0,566,0,0.0
MANHATTAN,2014,3,740,3,288,6,0.004054054054054054
QUEENS,2014,3,747,0,424,0,0.0
STATEN ISLAND,2014,3,139,0,74,0,0.0
BOROUGH_NOT_SPECIFIED,2014,4,1095,1,468,2,9.132420091324201E-4
BRONX,2014,4,428,1,194,2,0.002336448598130841
BROOKLYN,2014,4,954,0,412,0,0.0
MANHATTAN,2014,4,779,0,298,0,0.0
QUEENS,2014,4,850,0,244,0,0.0
STATEN ISLAND,2014,4,168,1,52,2,0.005952380952380952
BOROUGH_NOT_SPECIFIED,2014,5,834,1,434,2,0.001199040767386091
BRONX,2014,5,403,0,216,0,0.0
BROOKLYN,2014,5,941,2,520,4,0.0021253985122210413
MANHATTAN,2014,5,737,0,248,0,0.0
QUEENS,2014,5,762,0,344,0,0.0
STATEN ISLAND,2014,5,128,0,84,0,0.0
BOROUGH_NOT_SPECIFIED,2014,6,921,0,356,0,0.0
BRONX,2014,6,438,1,142,2,0.00228310502283105
BROOKLYN,2014,6,972,2,406,4,0.00205761316872428
MANHATTAN,2014,6,730,0,234,0,0.0
QUEENS,2014,6,931,1,256,2,0.0010741138560687433
STATEN ISLAND,2014,6,165,0,28,0,0.0
BOROUGH_NOT_SPECIFIED,2014,7,914,1,342,2,0.0010940919037199124
BRONX,2014,7,488,0,156,0,0.0
BROOKLYN,2014,7,945,2,368,4,0.0021164021164021165
MANHATTAN,2014,7,762,0,244,0,0.0
QUEENS,2014,7,894,0,248,0,0.0
STATEN ISLAND,2014,7,168,0,76,0,0.0
BOROUGH_NOT_SPECIFIED,2014,8,880,3,414,8,0.003409090909090909
BRONX,2014,8,363,0,130,0,0.0
BROOKLYN,2014,8,809,1,414,2,0.0012360939431396785
MANHATTAN,2014,8,700,0,280,0,0.0
QUEENS,2014,8,770,0,318,0,0.0
STATEN ISLAND,2014,8,139,0,56,0,0.0
BOROUGH_NOT_SPECIFIED,2014,9,883,1,452,2,0.0011325028312570782
BRONX,2014,9,379,0,220,0,0.0
BROOKLYN,2014,9,831,0,402,0,0.0
MANHATTAN,2014,9,712,0,184,0,0.0
QUEENS,2014,9,715,0,346,0,0.0
STATEN ISLAND,2014,9,137,0,48,0,0.0
BOROUGH_NOT_SPECIFIED,2014,10,795,0,366,0,0.0
BRONX,2014,10,360,0,204,0,0.0
BROOKLYN,2014,10,819,2,456,4,0.002442002442002442
MANHATTAN,2014,10,664,0,192,0,0.0
QUEENS,2014,10,719,3,350,6,0.004172461752433936
STATEN ISLAND,2014,10,112,0,32,0,0.0
BOROUGH_NOT_SPECIFIED,2014,11,852,0,416,0,0.0
BRONX,2014,11,326,0,168,0,0.0
BROOKLYN,2014,11,869,1,522,2,0.0011507479861910242
MANHATTAN,2014,11,728,1,238,2,0.0013736263736263737
QUEENS,2014,11,699,0,280,0,0.0
STATEN ISLAND,2014,11,123,0,66,0,0.0
BOROUGH_NOT_SPECIFIED,2014,12,902,2,446,4,0.0022172949002217295
BRONX,2014,12,358,0,174,0,0.0
BROOKLYN,2014,12,867,3,538,6,0.0034602076124567475
MANHATTAN,2014,12,762,0,254,0,0.0
QUEENS,2014,12,718,0,380,0,0.0
STATEN ISLAND,2014,12,123,0,58,0,0.0
BOROUGH_NOT_SPECIFIED,2014,13,827,2,444,4,0.0024183796856106408
BRONX,2014,13,377,1,252,2,0.002652519893899204
BROOKLYN,2014,13,847,0,518,0,0.0
MANHATTAN,2014,13,721,1,238,2,0.0013869625520110957
QUEENS,2014,13,757,1,360,2,0.001321003963011889
STATEN ISLAND,2014,13,127,0,54,0,0.0
BOROUGH_NOT_SPECIFIED,2014,14,947,1,424,2,0.0010559662090813093
BRONX,2014,14,347,1,162,2,0.002881844380403458
BROOKLYN,2014,14,928,2,556,4,0.0021551724137931034
MANHATTAN,2014,14,797,0,260,0,0.0
QUEENS,2014,14,764,1,360,8,0.0013089005235602095
STATEN ISLAND,2014,14,119,1,40,2,0.008403361344537815
BOROUGH_NOT_SPECIFIED,2014,15,945,1,508,2,0.0010582010582010583
BRONX,2014,15,402,0,240,0,0.0
BROOKLYN,2014,15,960,1,598,2,0.0010416666666666667
MANHATTAN,2014,15,818,1,280,2,0.0012224938875305623
QUEENS,2014,15,778,0,402,0,0.0
STATEN ISLAND,2014,15,141,0,68,0,0.0
BOROUGH_NOT_SPECIFIED,2014,16,849,1,420,2,0.001177856301531213
BRONX,2014,16,346,0,208,0,0.0
BROOKLYN,2014,16,770,1,526,2,0.0012987012987012987
MANHATTAN,2014,16,728,1,278,2,0.0013736263736263737
QUEENS,2014,16,667,0,288,0,0.0
STATEN ISLAND,2014,16,93,0,44,0,0.0
BOROUGH_NOT_SPECIFIED,2014,17,917,1,484,2,0.0010905125408942203
BRONX,2014,17,328,0,166,0,0.0
BROOKLYN,2014,17,813,1,514,2,0.0012300123001230013
MANHATTAN,2014,17,799,0,248,0,0.0
QUEENS,2014,17,749,2,358,4,0.0026702269692923898
STATEN ISLAND,2014,17,108,0,68,0,0.0
BOROUGH_NOT_SPECIFIED,2014,18,1009,1,450,2,9.910802775024777E-4
BRONX,2014,18,392,1,274,2,0.002551020408163265
BROOKLYN,2014,18,974,2,554,4,0.002053388090349076
MANHATTAN,2014,18,870,1,290,2,0.0011494252873563218
QUEENS,2014,18,819,1,492,2,0.001221001221001221
STATEN ISLAND,2014,18,128,0,50,0,0.0
BOROUGH_NOT_SPECIFIED,2014,19,1027,1,586,2,9.737098344693282E-4
BRONX,2014,19,378,0,194,0,0.0
BROOKLYN,2014,19,914,2,506,4,0.002188183807439825
MANHATTAN,2014,19,847,2,314,4,0.0023612750885478157
QUEENS,2014,19,821,1,420,2,0.001218026796589525
STATEN ISLAND,2014,19,112,0,46,0,0.0
BOROUGH_NOT_SPECIFIED,2014,20,1086,3,588,6,0.0027624309392265192
BRONX,2014,20,355,0,224,0,0.0
BROOKLYN,2014,20,990,0,580,0,0.0
MANHATTAN,2014,20,939,1,332,2,0.0010649627263045794
QUEENS,2014,20,750,0,336,0,0.0
STATEN ISLAND,2014,20,141,0,78,0,0.0
BOROUGH_NOT_SPECIFIED,2014,21,1007,1,592,2,9.930486593843098E-4
BRONX,2014,21,371,1,306,2,0.0026954177897574125
BROOKLYN,2014,21,929,4,548,10,0.004305705059203444
MANHATTAN,2014,21,820,0,232,0,0.0
QUEENS,2014,21,764,3,380,6,0.003926701570680628
STATEN ISLAND,2014,21,117,0,50,0,0.0
BOROUGH_NOT_SPECIFIED,2014,22,1023,2,592,4,0.0019550342130987292
BRONX,2014,22,401,0,286,0,0.0
BROOKLYN,2014,22,947,1,544,2,0.0010559662090813093
MANHATTAN,2014,22,838,0,212,0,0.0
QUEENS,2014,22,798,0,430,0,0.0
STATEN ISLAND,2014,22,111,0,62,0,0.0
BOROUGH_NOT_SPECIFIED,2014,23,1036,1,550,2,9.652509652509653E-4
BRONX,2014,23,391,1,328,2,0.0025575447570332483
BROOKLYN,2014,23,1005,1,672,2,9.950248756218905E-4
MANHATTAN,2014,23,900,1,274,2,0.0011111111111111111
QUEENS,2014,23,853,3,428,6,0.0035169988276670576
STATEN ISLAND,2014,23,153,1,58,2,0.006535947712418301
BOROUGH_NOT_SPECIFIED,2014,24,943,1,532,2,0.0010604453870625664
BRONX,2014,24,380,0,288,0,0.0
BROOKLYN,2014,24,961,2,642,4,0.002081165452653486
MANHATTAN,2014,24,817,0,240,0,0.0
QUEENS,2014,24,776,3,362,6,0.003865979381443299
STATEN ISLAND,2014,24,151,1,74,2,0.006622516556291391
BOROUGH_NOT_SPECIFIED,2014,25,1075,3,650,6,0.0027906976744186047
BRONX,2014,25,419,0,320,0,0.0
BROOKLYN,2014,25,1024,0,590,0,0.0
MANHATTAN,2014,25,878,0,376,0,0.0
QUEENS,2014,25,881,0,418,0,0.0
STATEN ISLAND,2014,25,147,0,70,0,0.0
BOROUGH_NOT_SPECIFIED,2014,26,1071,1,507,2,9.337068160597573E-4
BRONX,2014,26,455,0,284,0,0.0
BROOKLYN,2014,26,994,2,696,4,0.002012072434607646
MANHATTAN,2014,26,859,0,340,0,0.0
QUEENS,2014,26,882,1,508,2,0.0011337868480725624
STATEN ISLAND,2014,26,136,0,60,0,0.0
BOROUGH_NOT_SPECIFIED,2014,27,974,2,638,4,0.002053388090349076
BRONX,2014,27,373,0,278,0,0.0
BROOKLYN,2014,27,944,2,614,4,0.00211864406779661
MANHATTAN,2014,27,748,1,294,2,0.001336898395721925
QUEENS,2014,27,776,2,404,4,0.002577319587628866
STATEN ISLAND,2014,27,123,0,84,0,0.0
BOROUGH_NOT_SPECIFIED,2014,28,958,0,438,0,0.0
BRONX,2014,28,404,0,278,0,0.0
BROOKLYN,2014,28,925,2,560,4,0.002162162162162162
MANHATTAN,2014,28,791,1,260,2,0.0012642225031605564
QUEENS,2014,28,776,1,434,2,0.001288659793814433
STATEN ISLAND,2014,28,135,0,68,0,0.0
BOROUGH_NOT_SPECIFIED,2014,29,951,2,490,4,0.002103049421661409
BRONX,2014,29,345,0,202,0,0.0
BROOKLYN,2014,29,867,2,542,4,0.002306805074971165
MANHATTAN,2014,29,812,1,308,2,0.0012315270935960591
QUEENS,2014,29,763,1,376,2,0.001310615989515072
STATEN ISLAND,2014,29,103,1,36,2,0.009708737864077669
BOROUGH_NOT_SPECIFIED,2014,30,960,2,556,4,0.0020833333333333333
BRONX,2014,30,395,1,244,2,0.002531645569620253
BROOKLYN,2014,30,904,1,522,2,0.0011061946902654867
MANHATTAN,2014,30,795,1,330,2,0.0012578616352201257
QUEENS,2014,30,768,3,410,6,0.00390625
STATEN ISLAND,2014,30,113,0,48,0,0.0
BOROUGH_NOT_SPECIFIED,2014,31,991,2,470,6,0.0020181634712411706
BRONX,2014,31,337,0,172,0,0.0
BROOKLYN,2014,31,956,1,622,2,0.0010460251046025104
MANHATTAN,2014,31,857,0,296,0,0.0
QUEENS,2014,31,773,3,372,6,0.0038809831824062097
STATEN ISLAND,2014,31,121,1,60,2,0.008264462809917356
BOROUGH_NOT_SPECIFIED,2014,32,993,1,470,2,0.0010070493454179255
BRONX,2014,32,369,1,280,2,0.0027100271002710027
BROOKLYN,2014,32,880,0,578,0,0.0
MANHATTAN,2014,32,803,0,316,0,0.0
QUEENS,2014,32,822,0,502,0,0.0
STATEN ISLAND,2014,32,125,0,66,0,0.0
BOROUGH_NOT_SPECIFIED,2014,33,900,1,478,2,0.0011111111111111111
BRONX,2014,33,348,0,190,0,0.0
BROOKLYN,2014,33,887,2,582,4,0.002254791431792559
MANHATTAN,2014,33,778,0,288,0,0.0
QUEENS,2014,33,746,1,376,2,0.0013404825737265416
STATEN ISLAND,2014,33,119,0,52,0,0.0
BOROUGH_NOT_SPECIFIED,2014,34,934,1,564,2,0.0010706638115631692
BRONX,2014,34,361,0,204,0,0.0
BROOKLYN,2014,34,826,0,510,0,0.0
MANHATTAN,2014,34,790,1,212,2,0.0012658227848101266
QUEENS,2014,34,690,1,358,2,0.0014492753623188406
STATEN ISLAND,2014,34,87,0,62,0,0.0
BOROUGH_NOT_SPECIFIED,2014,35,976,4,520,8,0.004098360655737705
BRONX,2014,35,386,0,226,0,0.0
BROOKLYN,2014,35,920,1,554,2,0.0010869565217391304
MANHATTAN,2014,35,750,2,276,4,0.0026666666666666666
QUEENS,2014,35,795,1,338,2,0.0012578616352201257
STATEN ISLAND,2014,35,121,0,80,0,0.0
BOROUGH_NOT_SPECIFIED,2014,36,979,0,570,0,0.0
BRONX,2014,36,401,2,256,4,0.004987531172069825
BROOKLYN,2014,36,1012,3,574,6,0.0029644268774703555
MANHATTAN,2014,36,766,3,202,6,0.0039164490861618795
QUEENS,2014,36,793,0,302,0,0.0
STATEN ISLAND,2014,36,125,0,64,0,0.0
BOROUGH_NOT_SPECIFIED,2014,37,1041,3,580,8,0.002881844380403458
BRONX,2014,37,398,0,280,0,0.0
BROOKLYN,2014,37,987,0,642,0,0.0
MANHATTAN,2014,37,813,0,256,0,0.0
QUEENS,2014,37,857,1,366,2,0.0011668611435239206
STATEN ISLAND,2014,37,142,0,60,0,0.0
BOROUGH_NOT_SPECIFIED,2014,38,1097,1,616,2,9.115770282588879E-4
BRONX,2014,38,392,1,228,2,0.002551020408163265
BROOKLYN,2014,38,955,1,642,2,0.0010471204188481676
MANHATTAN,2014,38,886,1,234,2,0.001128668171557562
QUEENS,2014,38,824,1,414,4,0.0012135922330097086
STATEN ISLAND,2014,38,131,0,64,0,0.0
BOROUGH_NOT_SPECIFIED,2014,39,934,3,458,6,0.0032119914346895075
BRONX,2014,39,421,1,304,2,0.0023752969121140144
BROOKLYN,2014,39,944,1,560,2,0.001059322033898305
MANHATTAN,2014,39,852,2,242,4,0.002347417840375587
QUEENS,2014,39,790,1,410,2,0.0012658227848101266
STATEN ISLAND,2014,39,122,0,64,0,0.0
BOROUGH_NOT_SPECIFIED,2014,40,934,2,420,4,0.0021413276231263384
BRONX,2014,40,374,1,220,2,0.00267379679144385
BROOKLYN,2014,40,938,0,586,0,0.0
MANHATTAN,2014,40,793,0,294,0,0.0
QUEENS,2014,40,855,0,494,0,0.0
STATEN ISLAND,2014,40,132,0,96,0,0.0
BOROUGH_NOT_SPECIFIED,2014,41,957,3,482,6,0.003134796238244514
BRONX,2014,41,376,0,258,0,0.0
BROOKLYN,2014,41,895,1,638,2,0.0011173184357541898
MANHATTAN,2014,41,822,1,308,2,0.0012165450121654502
QUEENS,2014,41,776,0,420,0,0.0
STATEN ISLAND,2014,41,131,0,52,0,0.0
BOROUGH_NOT_SPECIFIED,2014,42,1028,1,584,4,9.727626459143969E-4
BRONX,2014,42,351,0,230,0,0.0
BROOKLYN,2014,42,854,0,584,0,0.0
MANHATTAN,2014,42,767,1,330,2,0.001303780964797914
QUEENS,2014,42,816,1,448,2,0.0012254901960784314
STATEN ISLAND,2014,42,131,0,60,0,0.0
BOROUGH_NOT_SPECIFIED,2014,43,955,1,450,2,0.0010471204188481676
BRONX,2014,43,373,1,196,2,0.002680965147453083
BROOKLYN,2014,43,1063,3,666,6,0.0028222013170272815
MANHATTAN,2014,43,863,0,278,0,0.0
QUEENS,2014,43,841,0,414,0,0.0
STATEN ISLAND,2014,43,149,0,74,0,0.0
BOROUGH_NOT_SPECIFIED,2014,44,966,1,468,2,0.0010351966873706005
BRONX,2014,44,386,0,200,0,0.0
BROOKLYN,2014,44,1032,1,620,2,9.689922480620155E-4
MANHATTAN,2014,44,901,1,286,2,0.0011098779134295228
QUEENS,2014,44,842,2,444,4,0.0023752969121140144
STATEN ISLAND,2014,44,122,0,56,0,0.0
BOROUGH_NOT_SPECIFIED,2014,45,974,4,446,10,0.004106776180698152
BRONX,2014,45,349,0,246,0,0.0
BROOKLYN,2014,45,922,1,526,2,0.0010845986984815619
MANHATTAN,2014,45,783,0,222,0,0.0
QUEENS,2014,45,819,4,470,8,0.004884004884004884
STATEN ISLAND,2014,45,125,0,72,0,0.0
BOROUGH_NOT_SPECIFIED,2014,46,913,2,478,4,0.002190580503833516
BRONX,2014,46,359,1,214,2,0.002785515320334262
BROOKLYN,2014,46,890,0,516,0,0.0
MANHATTAN,2014,46,811,1,252,2,0.0012330456226880395
QUEENS,2014,46,805,0,480,0,0.0
STATEN ISLAND,2014,46,126,1,58,2,0.007936507936507936
BOROUGH_NOT_SPECIFIED,2014,47,1041,1,486,2,9.606147934678194E-4
BRONX,2014,47,396,0,232,0,0.0
BROOKLYN,2014,47,982,2,588,4,0.002036659877800407
MANHATTAN,2014,47,880,0,254,0,0.0
QUEENS,2014,47,828,1,432,2,0.0012077294685990338
STATEN ISLAND,2014,47,129,0,70,0,0.0
BOROUGH_NOT_SPECIFIED,2014,48,900,2,414,4,0.0022222222222222222
BRONX,2014,48,358,1,230,2,0.002793296089385475
BROOKLYN,2014,48,837,1,452,2,0.0011947431302270011
MANHATTAN,2014,48,696,2,232,4,0.0028735632183908046
QUEENS,2014,48,755,0,358,0,0.0
STATEN ISLAND,2014,48,110,0,80,0,0.0
BOROUGH_NOT_SPECIFIED,2014,49,1053,0,508,0,0.0
BRONX,2014,49,388,0,242,0,0.0
BROOKLYN,2014,49,947,1,562,2,0.0010559662090813093
MANHATTAN,2014,49,927,1,358,2,0.0010787486515641855
QUEENS,2014,49,778,2,388,4,0.002570694087403599
STATEN ISLAND,2014,49,129,0,44,0,0.0
BOROUGH_NOT_SPECIFIED,2014,50,1053,1,478,2,9.49667616334283E-4
BRONX,2014,50,407,0,202,0,0.0
BROOKLYN,2014,50,983,1,598,2,0.001017293997965412
MANHATTAN,2014,50,884,0,256,0,0.0
QUEENS,2014,50,828,1,406,2,0.0012077294685990338
STATEN ISLAND,2014,50,102,0,60,0,0.0
BOROUGH_NOT_SPECIFIED,2014,51,1017,0,446,0,0.0
BRONX,2014,51,403,0,210,0,0.0
BROOKLYN,2014,51,941,2,552,4,0.0021253985122210413
MANHATTAN,2014,51,825,0,246,0,0.0
QUEENS,2014,51,818,0,404,0,0.0
STATEN ISLAND,2014,51,101,0,46,0,0.0
BOROUGH_NOT_SPECIFIED,2014,52,804,0,342,0,0.0
BRONX,2014,52,304,0,162,0,0.0
BROOKLYN,2014,52,814,1,528,2,0.0012285012285012285
MANHATTAN,2014,52,594,0,192,0,0.0
QUEENS,2014,52,692,0,388,0,0.0
STATEN ISLAND,2014,52,112,1,64,2,0.008928571428571428
BOROUGH_NOT_SPECIFIED,2015,1,408,1,302,2,0.0024509803921568627
BRONX,2015,1,168,1,90,2,0.005952380952380952
BROOKLYN,2015,1,423,0,248,0,0.0
MANHATTAN,2015,1,306,1,100,2,0.0032679738562091504
QUEENS,2015,1,318,0,176,0,0.0
STATEN ISLAND,2015,1,50,0,22,0,0.0
BOROUGH_NOT_SPECIFIED,2015,2,861,0,386,0,0.0
BRONX,2015,2,408,1,192,2,0.0024509803921568627
BROOKLYN,2015,2,955,2,544,4,0.0020942408376963353
MANHATTAN,2015,2,682,1,224,2,0.001466275659824047
QUEENS,2015,2,900,0,356,0,0.0
STATEN ISLAND,2015,2,152,0,68,0,0.0
BOROUGH_NOT_SPECIFIED,2015,3,1063,1,552,2,9.407337723424271E-4
BRONX,2015,3,509,0,236,0,0.0
BROOKLYN,2015,3,926,0,492,0,0.0
MANHATTAN,2015,3,750,0,196,0,0.0
QUEENS,2015,3,860,3,420,6,0.0034883720930232558
STATEN ISLAND,2015,3,155,0,80,0,0.0
BOROUGH_NOT_SPECIFIED,2015,4,777,0,328,0,0.0
BRONX,2015,4,335,0,122,0,0.0
BROOKLYN,2015,4,866,0,388,0,0.0
MANHATTAN,2015,4,632,2,188,4,0.0031645569620253164
QUEENS,2015,4,716,1,264,2,0.0013966480446927375
STATEN ISLAND,2015,4,103,0,34,0,0.0
BOROUGH_NOT_SPECIFIED,2015,5,674,1,238,2,0.001483679525222552
BRONX,2015,5,318,0,174,0,0.0
BROOKLYN,2015,5,784,0,248,0,0.0
MANHATTAN,2015,5,570,0,138,0,0.0
QUEENS,2015,5,710,1,262,2,0.0014084507042253522
STATEN ISLAND,2015,5,102,0,30,0,0.0
BOROUGH_NOT_SPECIFIED,2015,6,927,0,394,0,0.0
BRONX,2015,6,394,0,160,0,0.0
BROOKLYN,2015,6,1087,0,444,0,0.0
MANHATTAN,2015,6,712,0,224,0,0.0
QUEENS,2015,6,822,2,238,4,0.0024330900243309003
STATEN ISLAND,2015,6,127,0,104,0,0.0
BOROUGH_NOT_SPECIFIED,2015,7,899,0,378,0,0.0
BRONX,2015,7,390,0,128,0,0.0
BROOKLYN,2015,7,951,2,400,4,0.002103049421661409
MANHATTAN,2015,7,761,1,228,2,0.001314060446780552
QUEENS,2015,7,768,0,328,0,0.0
STATEN ISLAND,2015,7,131,0,76,0,0.0
BOROUGH_NOT_SPECIFIED,2015,8,911,2,430,4,0.0021953896816684962
BRONX,2015,8,380,0,106,0,0.0
BROOKLYN,2015,8,892,2,342,4,0.002242152466367713
MANHATTAN,2015,8,737,1,214,2,0.0013568521031207597
QUEENS,2015,8,785,2,262,4,0.0025477707006369425
STATEN ISLAND,2015,8,115,0,62,0,0.0
BOROUGH_NOT_SPECIFIED,2015,9,2132,3,838,6,0.0014071294559099437
BRONX,2015,9,313,0,132,0,0.0
BROOKLYN,2015,9,648,2,278,4,0.0030864197530864196
MANHATTAN,2015,9,493,0,132,0,0.0
QUEENS,2015,9,583,0,218,0,0.0
STATEN ISLAND,2015,9,86,0,32,0,0.0
BOROUGH_NOT_SPECIFIED,2015,10,999,0,406,0,0.0
BRONX,2015,10,512,0,162,0,0.0
BROOKLYN,2015,10,1159,0,352,0,0.0
MANHATTAN,2015,10,870,1,242,2,0.0011494252873563218
QUEENS,2015,10,978,0,278,0,0.0
STATEN ISLAND,2015,10,143,1,62,2,0.006993006993006993
BOROUGH_NOT_SPECIFIED,2015,11,944,0,438,0,0.0
BRONX,2015,11,417,0,208,0,0.0
BROOKLYN,2015,11,955,1,512,2,0.0010471204188481676
MANHATTAN,2015,11,782,0,280,0,0.0
QUEENS,2015,11,774,0,390,0,0.0
STATEN ISLAND,2015,11,95,0,36,0,0.0
BOROUGH_NOT_SPECIFIED,2015,12,944,2,434,6,0.00211864406779661
BRONX,2015,12,338,1,172,4,0.0029585798816568047
BROOKLYN,2015,12,882,1,408,2,0.0011337868480725624
MANHATTAN,2015,12,692,0,232,0,0.0
QUEENS,2015,12,742,1,342,2,0.0013477088948787063
STATEN ISLAND,2015,12,94,0,60,0,0.0
BOROUGH_NOT_SPECIFIED,2015,13,885,1,376,2,0.0011299435028248588
BRONX,2015,13,375,0,170,0,0.0
BROOKLYN,2015,13,909,1,410,2,0.0011001100110011
MANHATTAN,2015,13,713,0,186,0,0.0
QUEENS,2015,13,751,0,372,0,0.0
STATEN ISLAND,2015,13,110,0,50,0,0.0
BOROUGH_NOT_SPECIFIED,2015,14,1041,4,492,10,0.0038424591738712775
BRONX,2015,14,353,2,212,4,0.0056657223796034
BROOKLYN,2015,14,850,0,488,0,0.0
MANHATTAN,2015,14,821,1,214,2,0.001218026796589525
QUEENS,2015,14,728,0,344,0,0.0
STATEN ISLAND,2015,14,110,0,44,0,0.0
BOROUGH_NOT_SPECIFIED,2015,15,803,1,438,2,0.0012453300124533001
BRONX,2015,15,356,0,216,0,0.0
BROOKLYN,2015,15,783,1,404,2,0.001277139208173691
MANHATTAN,2015,15,753,0,202,0,0.0
QUEENS,2015,15,591,0,236,0,0.0
STATEN ISLAND,2015,15,88,0,46,0,0.0
BOROUGH_NOT_SPECIFIED,2015,16,971,0,532,0,0.0
BRONX,2015,16,401,1,222,2,0.0024937655860349127
BROOKLYN,2015,16,949,1,520,2,0.001053740779768177
MANHATTAN,2015,16,807,0,264,0,0.0
QUEENS,2015,16,765,1,436,2,0.00130718954248366
STATEN ISLAND,2015,16,107,0,34,0,0.0
BOROUGH_NOT_SPECIFIED,2015,17,1052,0,480,0,0.0
BRONX,2015,17,378,0,196,0,0.0
BROOKLYN,2015,17,1007,2,606,4,0.0019860973187686196
MANHATTAN,2015,17,870,0,212,0,0.0
QUEENS,2015,17,762,2,344,4,0.0026246719160104987
STATEN ISLAND,2015,17,128,1,82,2,0.0078125
BOROUGH_NOT_SPECIFIED,2015,18,1067,2,602,4,0.0018744142455482662
BRONX,2015,18,413,0,216,0,0.0
BROOKLYN,2015,18,957,1,486,2,0.0010449320794148381
MANHATTAN,2015,18,872,0,240,0,0.0
QUEENS,2015,18,805,1,344,4,0.0012422360248447205
STATEN ISLAND,2015,18,113,0,72,0,0.0
BOROUGH_NOT_SPECIFIED,2015,19,1065,0,506,0,0.0
BRONX,2015,19,421,0,238,0,0.0
BROOKLYN,2015,19,1032,2,574,4,0.001937984496124031
MANHATTAN,2015,19,807,2,270,4,0.0024783147459727386
QUEENS,2015,19,860,1,422,2,0.0011627906976744186
STATEN ISLAND,2015,19,162,1,62,2,0.006172839506172839
BOROUGH_NOT_SPECIFIED,2015,20,1116,0,584,0,0.0
BRONX,2015,20,418,3,248,6,0.007177033492822967
BROOKLYN,2015,20,1056,1,654,2,9.46969696969697E-4
MANHATTAN,2015,20,998,2,334,4,0.002004008016032064
QUEENS,2015,20,821,1,542,2,0.001218026796589525
STATEN ISLAND,2015,20,141,0,74,0,0.0
BOROUGH_NOT_SPECIFIED,2015,21,1011,2,484,4,0.0019782393669634025
BRONX,2015,21,407,0,246,0,0.0
BROOKLYN,2015,21,983,2,564,4,0.002034587995930824
MANHATTAN,2015,21,811,1,202,2,0.0012330456226880395
QUEENS,2015,21,814,0,390,0,0.0
STATEN ISLAND,2015,21,128,0,48,0,0.0
BOROUGH_NOT_SPECIFIED,2015,22,1103,2,640,4,0.001813236627379873
BRONX,2015,22,418,1,202,2,0.0023923444976076554
BROOKLYN,2015,22,1056,3,654,6,0.002840909090909091
MANHATTAN,2015,22,902,1,296,2,0.0011086474501108647
QUEENS,2015,22,839,2,462,4,0.0023837902264600714
STATEN ISLAND,2015,22,151,0,84,0,0.0
BOROUGH_NOT_SPECIFIED,2015,23,1053,0,520,0,0.0
BRONX,2015,23,451,2,250,4,0.004434589800443459
BROOKLYN,2015,23,1027,2,604,4,0.0019474196689386564
MANHATTAN,2015,23,872,0,274,0,0.0
QUEENS,2015,23,873,1,492,2,0.001145475372279496
STATEN ISLAND,2015,23,112,0,70,0,0.0
BOROUGH_NOT_SPECIFIED,2015,24,1028,1,560,2,9.727626459143969E-4
BRONX,2015,24,357,1,192,2,0.0028011204481792717
BROOKLYN,2015,24,900,0,500,0,0.0
MANHATTAN,2015,24,794,0,210,0,0.0
QUEENS,2015,24,838,1,528,2,0.0011933174224343676
STATEN ISLAND,2015,24,119,0,66,0,0.0
BOROUGH_NOT_SPECIFIED,2015,25,1096,1,548,2,9.124087591240876E-4
BRONX,2015,25,416,0,242,0,0.0
BROOKLYN,2015,25,1015,1,538,2,9.852216748768472E-4
MANHATTAN,2015,25,835,1,322,2,0.0011976047904191617
QUEENS,2015,25,794,0,440,0,0.0
STATEN ISLAND,2015,25,117,0,54,0,0.0
BOROUGH_NOT_SPECIFIED,2015,26,1219,2,552,4,0.0016406890894175555
BRONX,2015,26,489,1,316,2,0.002044989775051125
BROOKLYN,2015,26,1092,2,620,4,0.0018315018315018315
MANHATTAN,2015,26,959,0,296,0,0.0
QUEENS,2015,26,932,2,484,4,0.002145922746781116
STATEN ISLAND,2015,26,128,0,44,0,0.0
BOROUGH_NOT_SPECIFIED,2015,27,978,1,512,2,0.0010224948875255625
BRONX,2015,27,385,0,194,0,0.0
BROOKLYN,2015,27,917,3,526,6,0.003271537622682661
MANHATTAN,2015,27,782,1,234,2,0.0012787723785166241
QUEENS,2015,27,790,1,486,6,0.0012658227848101266
STATEN ISLAND,2015,27,121,0,50,0,0.0
BOROUGH_NOT_SPECIFIED,2015,28,1084,3,640,6,0.0027675276752767526
BRONX,2015,28,418,0,172,0,0.0
BROOKLYN,2015,28,994,1,586,2,0.001006036217303823
MANHATTAN,2015,28,836,0,310,0,0.0
QUEENS,2015,28,813,1,358,2,0.0012300123001230013
STATEN ISLAND,2015,28,110,0,78,0,0.0
BOROUGH_NOT_SPECIFIED,2015,29,1076,2,532,4,0.0018587360594795538
BRONX,2015,29,432,0,250,0,0.0
BROOKLYN,2015,29,987,1,610,2,0.0010131712259371835
MANHATTAN,2015,29,932,0,268,0,0.0
QUEENS,2015,29,825,1,448,2,0.0012121212121212121
STATEN ISLAND,2015,29,126,0,56,0,0.0
BOROUGH_NOT_SPECIFIED,2015,30,962,2,542,4,0.002079002079002079
BRONX,2015,30,394,0,244,0,0.0
BROOKLYN,2015,30,917,0,602,0,0.0
MANHATTAN,2015,30,821,0,214,0,0.0
QUEENS,2015,30,857,1,438,2,0.0011668611435239206
STATEN ISLAND,2015,30,110,0,60,0,0.0
BOROUGH_NOT_SPECIFIED,2015,31,1142,1,608,2,8.756567425569177E-4
BRONX,2015,31,432,0,264,0,0.0
BROOKLYN,2015,31,1025,1,538,2,9.75609756097561E-4
MANHATTAN,2015,31,974,0,308,0,0.0
QUEENS,2015,31,889,1,480,2,0.0011248593925759281
STATEN ISLAND,2015,31,122,1,78,2,0.00819672131147541
BOROUGH_NOT_SPECIFIED,2015,32,1128,1,612,2,8.865248226950354E-4
BRONX,2015,32,442,1,276,2,0.0022624434389140274
BROOKLYN,2015,32,1042,2,594,4,0.0019193857965451055
MANHATTAN,2015,32,836,0,306,0,0.0
QUEENS,2015,32,812,2,394,4,0.0024630541871921183
STATEN ISLAND,2015,32,118,0,86,0,0.0
BOROUGH_NOT_SPECIFIED,2015,33,1071,1,542,2,9.337068160597573E-4
BRONX,2015,33,458,0,250,0,0.0
BROOKLYN,2015,33,1026,1,614,2,9.746588693957114E-4
MANHATTAN,2015,33,914,1,304,2,0.0010940919037199124
QUEENS,2015,33,850,0,394,0,0.0
STATEN ISLAND,2015,33,109,0,86,0,0.0
BOROUGH_NOT_SPECIFIED,2015,34,1056,0,598,0,0.0
BRONX,2015,34,411,0,248,0,0.0
BROOKLYN,2015,34,990,2,598,4,0.00202020202020202
MANHATTAN,2015,34,815,1,218,2,0.001226993865030675
QUEENS,2015,34,851,2,424,4,0.0023501762632197414
STATEN ISLAND,2015,34,111,1,46,2,0.009009009009009009
BOROUGH_NOT_SPECIFIED,2015,35,1040,2,580,4,0.0019230769230769232
BRONX,2015,35,386,0,226,0,0.0
BROOKLYN,2015,35,963,2,504,4,0.0020768431983385254
MANHATTAN,2015,35,802,0,262,0,0.0
QUEENS,2015,35,782,1,432,2,0.0012787723785166241
STATEN ISLAND,2015,35,126,0,32,0,0.0
BOROUGH_NOT_SPECIFIED,2015,36,1016,1,484,2,9.84251968503937E-4
BRONX,2015,36,414,0,194,0,0.0
BROOKLYN,2015,36,1089,1,674,2,9.182736455463728E-4
MANHATTAN,2015,36,767,0,244,0,0.0
QUEENS,2015,36,844,0,452,0,0.0
STATEN ISLAND,2015,36,113,0,64,0,0.0
BOROUGH_NOT_SPECIFIED,2015,37,1067,2,600,4,0.0018744142455482662
BRONX,2015,37,442,2,244,4,0.004524886877828055
BROOKLYN,2015,37,1065,1,570,2,9.389671361502347E-4
MANHATTAN,2015,37,878,0,240,0,0.0
QUEENS,2015,37,968,0,464,0,0.0
STATEN ISLAND,2015,37,112,0,42,0,0.0
BOROUGH_NOT_SPECIFIED,2015,38,1190,0,554,0,0.0
BRONX,2015,38,414,2,292,4,0.004830917874396135
BROOKLYN,2015,38,1085,0,642,0,0.0
MANHATTAN,2015,38,930,0,312,0,0.0
QUEENS,2015,38,879,0,380,0,0.0
STATEN ISLAND,2015,38,117,1,76,2,0.008547008547008548
BOROUGH_NOT_SPECIFIED,2015,39,965,2,528,4,0.002072538860103627
BRONX,2015,39,388,1,238,2,0.002577319587628866
BROOKLYN,2015,39,935,0,534,0,0.0
MANHATTAN,2015,39,749,0,214,0,0.0
QUEENS,2015,39,789,0,444,0,0.0
STATEN ISLAND,2015,39,124,1,52,2,0.008064516129032258
BOROUGH_NOT_SPECIFIED,2015,40,1043,0,562,0,0.0
BRONX,2015,40,389,0,246,0,0.0
BROOKLYN,2015,40,951,1,484,2,0.0010515247108307045
MANHATTAN,2015,40,951,0,284,0,0.0
QUEENS,2015,40,893,1,488,2,0.0011198208286674132
STATEN ISLAND,2015,40,121,0,48,0,0.0
BOROUGH_NOT_SPECIFIED,2015,41,1098,1,574,2,9.107468123861566E-4
BRONX,2015,41,455,0,256,0,0.0
BROOKLYN,2015,41,1020,0,510,0,0.0
MANHATTAN,2015,41,949,0,286,0,0.0
QUEENS,2015,41,872,2,434,4,0.0022935779816513763
STATEN ISLAND,2015,41,137,2,60,6,0.014598540145985401
BOROUGH_NOT_SPECIFIED,2015,42,1091,3,604,6,0.002749770852428964
BRONX,2015,42,414,2,246,4,0.004830917874396135
BROOKLYN,2015,42,1047,2,514,4,0.0019102196752626551
MANHATTAN,2015,42,839,0,318,0,0.0
QUEENS,2015,42,836,2,438,4,0.0023923444976076554
STATEN ISLAND,2015,42,133,0,64,0,0.0
BOROUGH_NOT_SPECIFIED,2015,43,1089,2,548,4,0.0018365472910927456
BRONX,2015,43,423,1,202,2,0.002364066193853428
BROOKLYN,2015,43,1088,2,660,4,0.001838235294117647
MANHATTAN,2015,43,937,0,278,0,0.0
QUEENS,2015,43,884,1,430,2,0.0011312217194570137
STATEN ISLAND,2015,43,127,0,78,0,0.0
BOROUGH_NOT_SPECIFIED,2015,44,1011,0,486,0,0.0
BRONX,2015,44,381,0,222,0,0.0
BROOKLYN,2015,44,996,1,534,2,0.001004016064257028
MANHATTAN,2015,44,820,0,252,0,0.0
QUEENS,2015,44,825,3,454,6,0.0036363636363636364
STATEN ISLAND,2015,44,107,0,30,0,0.0
BOROUGH_NOT_SPECIFIED,2015,45,1050,2,540,4,0.0019047619047619048
BRONX,2015,45,390,1,234,2,0.002564102564102564
BROOKLYN,2015,45,985,1,556,2,0.0010152284263959391
MANHATTAN,2015,45,870,2,240,4,0.0022988505747126436
QUEENS,2015,45,804,1,426,2,0.0012437810945273632
STATEN ISLAND,2015,45,116,0,42,0,0.0
BOROUGH_NOT_SPECIFIED,2015,46,1026,2,492,4,0.001949317738791423
BRONX,2015,46,450,0,194,0,0.0
BROOKLYN,2015,46,985,2,612,4,0.0020304568527918783
MANHATTAN,2015,46,886,0,300,0,0.0
QUEENS,2015,46,839,0,438,0,0.0
STATEN ISLAND,2015,46,139,1,72,2,0.007194244604316547
BOROUGH_NOT_SPECIFIED,2015,47,1076,1,534,2,9.293680297397769E-4
BRONX,2015,47,435,0,226,0,0.0
BROOKLYN,2015,47,1080,3,574,6,0.002777777777777778
MANHATTAN,2015,47,918,0,296,0,0.0
QUEENS,2015,47,907,0,472,0,0.0
STATEN ISLAND,2015,47,158,0,84,0,0.0
BOROUGH_NOT_SPECIFIED,2015,48,1020,1,572,4,9.80392156862745E-4
BRONX,2015,48,399,0,240,0,0.0
BROOKLYN,2015,48,954,2,560,4,0.0020964360587002098
MANHATTAN,2015,48,699,1,184,2,0.001430615164520744
QUEENS,2015,48,778,1,376,2,0.0012853470437017994
STATEN ISLAND,2015,48,127,0,54,0,0.0
BOROUGH_NOT_SPECIFIED,2015,49,1102,2,524,4,0.0018148820326678765
BRONX,2015,49,460,1,288,2,0.002173913043478261
BROOKLYN,2015,49,1014,4,530,8,0.0039447731755424065
MANHATTAN,2015,49,904,1,290,2,0.0011061946902654867
QUEENS,2015,49,824,2,444,4,0.0024271844660194173
STATEN ISLAND,2015,49,123,0,66,0,0.0
BOROUGH_NOT_SPECIFIED,2015,50,1128,2,528,4,0.0017730496453900709
BRONX,2015,50,422,0,176,0,0.0
BROOKLYN,2015,50,946,1,498,2,0.0010570824524312897
MANHATTAN,2015,50,921,0,272,0,0.0
QUEENS,2015,50,787,1,402,2,0.0012706480304955528
STATEN ISLAND,2015,50,140,0,48,0,0.0
BOROUGH_NOT_SPECIFIED,2015,51,1132,1,562,2,8.833922261484099E-4
BRONX,2015,51,447,0,190,0,0.0
BROOKLYN,2015,51,1157,2,618,4,0.001728608470181504
MANHATTAN,2015,51,889,0,262,0,0.0
QUEENS,2015,51,922,2,444,4,0.0021691973969631237
STATEN ISLAND,2015,51,149,1,68,2,0.006711409395973154
BOROUGH_NOT_SPECIFIED,2015,52,984,1,532,2,0.0010162601626016261
BRONX,2015,52,407,0,284,0,0.0
BROOKLYN,2015,52,936,2,654,4,0.002136752136752137
MANHATTAN,2015,52,676,0,256,0,0.0
QUEENS,2015,52,831,0,428,0,0.0
STATEN ISLAND,2015,52,117,0,50,0,0.0
BOROUGH_NOT_SPECIFIED,2015,53,502,0,214,0,0.0
BRONX,2015,53,217,0,102,0,0.0
BROOKLYN,2015,53,481,0,230,0,0.0
MANHATTAN,2015,53,401,0,180,0,0.0
QUEENS,2015,53,388,0,204,0,0.0
STATEN ISLAND,2015,53,59,0,24,0,0.0
BOROUGH_NOT_SPECIFIED,2016,1,903,1,477,2,0.0011074197120708748
BRONX,2016,1,427,2,162,4,0.00468384074941452
BROOKLYN,2016,1,1036,1,528,2,9.652509652509653E-4
MANHATTAN,2016,1,649,1,218,2,0.0015408320493066256
QUEENS,2016,1,829,0,336,0,0.0
STATEN ISLAND,2016,1,125,0,18,0,0.0
BOROUGH_NOT_SPECIFIED,2016,2,1013,2,434,4,0.0019743336623889436
BRONX,2016,2,424,0,186,0,0.0
BROOKLYN,2016,2,965,0,510,0,0.0
MANHATTAN,2016,2,833,2,256,4,0.0024009603841536613
QUEENS,2016,2,844,0,394,0,0.0
STATEN ISLAND,2016,2,142,2,36,4,0.014084507042253521
BOROUGH_NOT_SPECIFIED,2016,3,905,1,444,2,0.0011049723756906078
BRONX,2016,3,413,1,186,2,0.002421307506053269
BROOKLYN,2016,3,1002,1,434,2,9.98003992015968E-4
MANHATTAN,2016,3,687,0,206,0,0.0
QUEENS,2016,3,876,1,292,2,0.001141552511415525
STATEN ISLAND,2016,3,149,0,38,0,0.0
BOROUGH_NOT_SPECIFIED,2016,4,992,1,334,2,0.0010080645161290322
BRONX,2016,4,470,0,160,0,0.0
BROOKLYN,2016,4,1096,1,336,2,9.124087591240876E-4
MANHATTAN,2016,4,778,0,210,0,0.0
QUEENS,2016,4,1001,0,341,0,0.0
STATEN ISLAND,2016,4,168,0,56,0,0.0
BOROUGH_NOT_SPECIFIED,2016,5,944,0,432,0,0.0
BRONX,2016,5,420,0,224,0,0.0
BROOKLYN,2016,5,1038,3,492,6,0.002890173410404624
MANHATTAN,2016,5,782,0,244,0,0.0
QUEENS,2016,5,845,0,404,0,0.0
STATEN ISLAND,2016,5,160,0,52,0,0.0
BOROUGH_NOT_SPECIFIED,2016,6,863,0,324,0,0.0
BRONX,2016,6,362,0,176,0,0.0
BROOKLYN,2016,6,869,0,432,0,0.0
MANHATTAN,2016,6,762,3,204,6,0.003937007874015748
QUEENS,2016,6,679,2,346,4,0.0029455081001472753
STATEN ISLAND,2016,6,94,0,24,0,0.0
BOROUGH_NOT_SPECIFIED,2016,7,831,2,392,6,0.0024067388688327317
BRONX,2016,7,375,0,170,0,0.0
BROOKLYN,2016,7,835,0,410,0,0.0
MANHATTAN,2016,7,767,0,206,0,0.0
QUEENS,2016,7,658,0,254,0,0.0
STATEN ISLAND,2016,7,113,1,60,2,0.008849557522123894
BOROUGH_NOT_SPECIFIED,2016,8,981,2,410,4,0.0020387359836901123
BRONX,2016,8,417,1,230,2,0.002398081534772182
BROOKLYN,2016,8,876,1,474,2,0.001141552511415525
MANHATTAN,2016,8,786,0,250,0,0.0
QUEENS,2016,8,736,2,348,4,0.002717391304347826
STATEN ISLAND,2016,8,127,0,52,0,0.0
BOROUGH_NOT_SPECIFIED,2016,9,1109,1,504,2,9.017132551848512E-4
BRONX,2016,9,457,0,198,0,0.0
BROOKLYN,2016,9,971,0,524,0,0.0
MANHATTAN,2016,9,809,1,226,2,0.0012360939431396785
QUEENS,2016,9,861,0,364,0,0.0
STATEN ISLAND,2016,9,124,1,34,2,0.008064516129032258
BOROUGH_NOT_SPECIFIED,2016,10,1078,1,533,2,9.276437847866419E-4
BRONX,2016,10,416,1,208,2,0.002403846153846154
BROOKLYN,2016,10,1001,0,560,0,0.0
MANHATTAN,2016,10,793,0,218,0,0.0
QUEENS,2016,10,785,1,416,2,0.0012738853503184713
STATEN ISLAND,2016,10,128,0,54,0,0.0
BOROUGH_NOT_SPECIFIED,2016,11,943,1,661,2,0.0010604453870625664
BRONX,2016,11,381,0,201,0,0.0
BROOKLYN,2016,11,958,0,501,0,0.0
MANHATTAN,2016,11,771,2,303,6,0.0025940337224383916
QUEENS,2016,11,832,0,459,0,0.0
STATEN ISLAND,2016,11,128,0,38,0,0.0
BOROUGH_NOT_SPECIFIED,2016,12,936,0,696,0,0.0
BRONX,2016,12,407,1,242,2,0.002457002457002457
BROOKLYN,2016,12,951,0,523,0,0.0
MANHATTAN,2016,12,701,2,274,4,0.0028530670470756064
QUEENS,2016,12,813,0,459,0,0.0
STATEN ISLAND,2016,12,122,0,40,0,0.0
BOROUGH_NOT_SPECIFIED,2016,13,999,0,615,0,0.0
BRONX,2016,13,454,0,368,0,0.0
BROOKLYN,2016,13,1084,0,585,0,0.0
MANHATTAN,2016,13,881,0,343,0,0.0
QUEENS,2016,13,914,0,507,0,0.0
STATEN ISLAND,2016,13,125,0,80,0,0.0
BOROUGH_NOT_SPECIFIED,2016,14,969,1,659,2,0.0010319917440660474
BRONX,2016,14,454,0,283,0,0.0
BROOKLYN,2016,14,1042,1,607,1,9.596928982725527E-4
MANHATTAN,2016,14,844,0,325,0,0.0
QUEENS,2016,14,867,3,478,6,0.0034602076124567475
STATEN ISLAND,2016,14,117,0,35,0,0.0
BOROUGH_NOT_SPECIFIED,2016,15,1112,0,591,0,0.0
BRONX,2016,15,457,0,206,0,0.0
BROOKLYN,2016,15,1128,2,674,4,0.0017730496453900709
MANHATTAN,2016,15,828,0,308,0,0.0
QUEENS,2016,15,866,0,449,0,0.0
STATEN ISLAND,2016,15,149,1,68,2,0.006711409395973154
BOROUGH_NOT_SPECIFIED,2016,16,1067,1,696,2,9.372071227741331E-4
BRONX,2016,16,507,0,341,0,0.0
BROOKLYN,2016,16,1097,1,658,2,9.115770282588879E-4
MANHATTAN,2016,16,875,0,310,0,0.0
QUEENS,2016,16,900,0,561,0,0.0
STATEN ISLAND,2016,16,135,0,69,0,0.0
BOROUGH_NOT_SPECIFIED,2016,17,847,3,605,6,0.0035419126328217238
BRONX,2016,17,374,0,218,0,0.0
BROOKLYN,2016,17,849,1,536,2,0.001177856301531213
MANHATTAN,2016,17,693,0,188,0,0.0
QUEENS,2016,17,664,0,452,0,0.0
STATEN ISLAND,2016,17,92,0,59,0,0.0
BOROUGH_NOT_SPECIFIED,2016,18,1092,2,656,4,0.0018315018315018315
BRONX,2016,18,451,0,259,0,0.0
BROOKLYN,2016,18,1085,1,616,4,9.216589861751152E-4
MANHATTAN,2016,18,781,0,274,0,0.0
QUEENS,2016,18,904,1,507,4,0.0011061946902654867
STATEN ISLAND,2016,18,134,0,60,0,0.0
BOROUGH_NOT_SPECIFIED,2016,19,1157,2,776,5,0.001728608470181504
BRONX,2016,19,491,0,270,0,0.0
BROOKLYN,2016,19,1003,1,624,2,9.970089730807576E-4
MANHATTAN,2016,19,833,1,247,2,0.0012004801920768306
QUEENS,2016,19,880,1,480,2,0.0011363636363636363
STATEN ISLAND,2016,19,165,1,80,2,0.006060606060606061
BOROUGH_NOT_SPECIFIED,2016,20,1416,1,875,2,7.062146892655367E-4
BRONX,2016,20,430,2,241,4,0.004651162790697674
BROOKLYN,2016,20,949,0,595,0,0.0
MANHATTAN,2016,20,861,0,331,0,0.0
QUEENS,2016,20,827,1,541,3,0.0012091898428053204
STATEN ISLAND,2016,20,122,0,52,0,0.0
BOROUGH_NOT_SPECIFIED,2016,21,1638,1,1057,2,6.105006105006105E-4
BRONX,2016,21,468,0,270,0,0.0
BROOKLYN,2016,21,971,1,486,3,0.0010298661174047373
MANHATTAN,2016,21,697,0,234,0,0.0
QUEENS,2016,21,814,1,483,2,0.0012285012285012285
STATEN ISLAND,2016,21,149,0,78,0,0.0
BOROUGH_NOT_SPECIFIED,2016,22,1581,2,928,4,0.001265022137887413
BRONX,2016,22,413,0,266,0,0.0
BROOKLYN,2016,22,893,0,499,0,0.0
MANHATTAN,2016,22,645,0,233,0,0.0
QUEENS,2016,22,781,0,446,0,0.0
STATEN ISLAND,2016,22,120,0,54,0,0.0
BOROUGH_NOT_SPECIFIED,2016,23,1573,2,936,7,0.0012714558169103624
BRONX,2016,23,387,0,162,0,0.0
BROOKLYN,2016,23,851,1,521,2,0.0011750881316098707
MANHATTAN,2016,23,624,2,215,4,0.003205128205128205
QUEENS,2016,23,757,0,414,0,0.0
STATEN ISLAND,2016,23,138,0,72,0,0.0
BOROUGH_NOT_SPECIFIED,2016,24,1460,3,747,12,0.002054794520547945
BRONX,2016,24,397,1,188,2,0.0025188916876574307
BROOKLYN,2016,24,814,2,482,4,0.002457002457002457
MANHATTAN,2016,24,652,2,193,4,0.003067484662576687
QUEENS,2016,24,721,2,365,4,0.0027739251040221915
STATEN ISLAND,2016,24,124,0,56,0,0.0
BOROUGH_NOT_SPECIFIED,2016,25,1726,3,997,6,0.0017381228273464658
BRONX,2016,25,429,0,300,0,0.0
BROOKLYN,2016,25,966,0,472,0,0.0
MANHATTAN,2016,25,724,0,234,0,0.0
QUEENS,2016,25,858,0,478,0,0.0
STATEN ISLAND,2016,25,145,0,54,0,0.0
BOROUGH_NOT_SPECIFIED,2016,26,1569,8,866,17,0.005098789037603569
BRONX,2016,26,416,0,232,0,0.0
BROOKLYN,2016,26,914,0,504,0,0.0
MANHATTAN,2016,26,719,2,247,4,0.0027816411682892906
QUEENS,2016,26,822,0,446,0,0.0
STATEN ISLAND,2016,26,129,0,68,0,0.0
BOROUGH_NOT_SPECIFIED,2016,27,1358,2,887,5,0.0014727540500736377
BRONX,2016,27,388,0,201,0,0.0
BROOKLYN,2016,27,823,0,439,0,0.0
MANHATTAN,2016,27,597,0,219,0,0.0
QUEENS,2016,27,714,3,357,7,0.004201680672268907
STATEN ISLAND,2016,27,126,0,69,0,0.0
BOROUGH_NOT_SPECIFIED,2016,28,1583,4,871,7,0.002526847757422615
BRONX,2016,28,470,0,256,0,0.0
BROOKLYN,2016,28,867,0,528,0,0.0
MANHATTAN,2016,28,703,0,195,0,0.0
QUEENS,2016,28,812,1,476,2,0.0012315270935960591
STATEN ISLAND,2016,28,155,0,36,0,0.0
BOROUGH_NOT_SPECIFIED,2016,29,1684,2,1128,5,0.0011876484560570072
BRONX,2016,29,461,0,226,0,0.0
BROOKLYN,2016,29,932,0,602,0,0.0
MANHATTAN,2016,29,753,0,229,0,0.0
QUEENS,2016,29,846,0,525,0,0.0
STATEN ISLAND,2016,29,122,0,78,0,0.0
BOROUGH_NOT_SPECIFIED,2016,30,1666,1,1278,2,6.002400960384153E-4
BRONX,2016,30,434,0,400,0,0.0
BROOKLYN,2016,30,897,0,795,0,0.0
MANHATTAN,2016,30,746,1,330,2,0.0013404825737265416
QUEENS,2016,30,799,0,530,0,0.0
STATEN ISLAND,2016,30,120,0,62,0,0.0
BOROUGH_NOT_SPECIFIED,2016,31,1599,2,1409,4,0.0012507817385866166
BRONX,2016,31,419,1,319,2,0.002386634844868735
BROOKLYN,2016,31,823,1,901,4,0.001215066828675577
MANHATTAN,2016,31,623,0,292,0,0.0
QUEENS,2016,31,777,0,717,0,0.0
STATEN ISLAND,2016,31,120,0,74,0,0.0
BOROUGH_NOT_SPECIFIED,2016,32,1702,4,1765,8,0.0023501762632197414
BRONX,2016,32,400,0,441,0,0.0
BROOKLYN,2016,32,803,0,648,0,0.0
MANHATTAN,2016,32,632,0,373,0,0.0
QUEENS,2016,32,748,2,590,4,0.00267379679144385
STATEN ISLAND,2016,32,134,0,123,0,0.0
BOROUGH_NOT_SPECIFIED,2016,33,1578,3,1561,7,0.0019011406844106464
BRONX,2016,33,417,0,436,0,0.0
BROOKLYN,2016,33,833,1,726,2,0.0012004801920768306
MANHATTAN,2016,33,693,0,381,0,0.0
QUEENS,2016,33,729,0,610,0,0.0
STATEN ISLAND,2016,33,108,0,59,0,0.0
BOROUGH_NOT_SPECIFIED,2016,34,1783,2,1557,3,0.0011217049915872126
BRONX,2016,34,375,0,329,0,0.0
BROOKLYN,2016,34,874,0,834,0,0.0
MANHATTAN,2016,34,637,2,384,4,0.0031397174254317113
QUEENS,2016,34,745,0,568,0,0.0
STATEN ISLAND,2016,34,105,1,60,2,0.009523809523809525
BOROUGH_NOT_SPECIFIED,2016,35,1625,5,1540,14,0.003076923076923077
BRONX,2016,35,416,1,372,2,0.002403846153846154
BROOKLYN,2016,35,845,0,755,0,0.0
MANHATTAN,2016,35,562,1,301,2,0.0017793594306049821
QUEENS,2016,35,713,1,632,2,0.001402524544179523
STATEN ISLAND,2016,35,110,0,62,0,0.0
BOROUGH_NOT_SPECIFIED,2016,36,1556,1,1445,2,6.426735218508997E-4
BRONX,2016,36,394,0,331,0,0.0
BROOKLYN,2016,36,818,1,517,3,0.0012224938875305623
MANHATTAN,2016,36,634,0,257,0,0.0
QUEENS,2016,36,737,1,499,2,0.0013568521031207597
STATEN ISLAND,2016,36,103,0,49,0,0.0
BOROUGH_NOT_SPECIFIED,2016,37,1936,0,1215,0,0.0
BRONX,2016,37,429,0,280,0,0.0
BROOKLYN,2016,37,899,1,670,2,0.0011123470522803114
MANHATTAN,2016,37,713,2,267,4,0.002805049088359046
QUEENS,2016,37,810,0,529,0,0.0
STATEN ISLAND,2016,37,124,0,86,0,0.0
BOROUGH_NOT_SPECIFIED,2016,38,1722,2,1147,4,0.0011614401858304297
BRONX,2016,38,411,0,310,0,0.0
BROOKLYN,2016,38,845,0,587,0,0.0
MANHATTAN,2016,38,625,0,222,0,0.0
QUEENS,2016,38,817,1,516,2,0.0012239902080783353
STATEN ISLAND,2016,38,153,0,79,0,0.0
BOROUGH_NOT_SPECIFIED,2016,39,1673,2,1063,5,0.001195457262402869
BRONX,2016,39,393,0,253,0,0.0
BROOKLYN,2016,39,871,0,592,0,0.0
MANHATTAN,2016,39,619,1,215,2,0.0016155088852988692
QUEENS,2016,39,801,2,472,4,0.0024968789013732834
STATEN ISLAND,2016,39,121,1,72,2,0.008264462809917356
BOROUGH_NOT_SPECIFIED,2016,40,1632,2,994,3,0.0012254901960784314
BRONX,2016,40,388,0,202,0,0.0
BROOKLYN,2016,40,833,0,468,0,0.0
MANHATTAN,2016,40,619,4,230,8,0.006462035541195477
QUEENS,2016,40,729,0,355,0,0.0
STATEN ISLAND,2016,40,137,0,47,0,0.0
BOROUGH_NOT_SPECIFIED,2016,41,1709,2,1059,5,0.0011702750146284377
BRONX,2016,41,362,2,213,4,0.0055248618784530384
BROOKLYN,2016,41,854,0,507,0,0.0
MANHATTAN,2016,41,619,1,250,2,0.0016155088852988692
QUEENS,2016,41,760,1,455,2,0.0013157894736842105
STATEN ISLAND,2016,41,130,1,62,2,0.007692307692307693
BOROUGH_NOT_SPECIFIED,2016,42,1709,4,1096,9,0.0023405500292568754
BRONX,2016,42,404,1,241,2,0.0024752475247524753
BROOKLYN,2016,42,813,0,532,0,0.0
MANHATTAN,2016,42,655,0,247,0,0.0
QUEENS,2016,42,802,0,458,0,0.0
STATEN ISLAND,2016,42,143,0,68,0,0.0
BOROUGH_NOT_SPECIFIED,2016,43,1778,3,985,6,0.001687289088863892
BRONX,2016,43,412,0,250,0,0.0
BROOKLYN,2016,43,877,0,483,0,0.0
MANHATTAN,2016,43,671,0,260,0,0.0
QUEENS,2016,43,776,0,472,0,0.0
STATEN ISLAND,2016,43,126,0,84,0,0.0
BOROUGH_NOT_SPECIFIED,2016,44,1790,4,1120,10,0.0022346368715083797
BRONX,2016,44,401,0,210,0,0.0
BROOKLYN,2016,44,909,0,517,0,0.0
MANHATTAN,2016,44,716,0,305,0,0.0
QUEENS,2016,44,723,0,458,0,0.0
STATEN ISLAND,2016,44,133,0,88,0,0.0
BOROUGH_NOT_SPECIFIED,2016,45,1691,3,998,7,0.0017740981667652277
BRONX,2016,45,343,1,213,2,0.0029154518950437317
BROOKLYN,2016,45,814,0,449,0,0.0
MANHATTAN,2016,45,650,0,260,0,0.0
QUEENS,2016,45,711,1,416,3,0.0014064697609001407
STATEN ISLAND,2016,45,121,0,110,0,0.0
BOROUGH_NOT_SPECIFIED,2016,46,1780,3,1063,7,0.0016853932584269663
BRONX,2016,46,389,1,245,3,0.002570694087403599
BROOKLYN,2016,46,947,1,621,2,0.0010559662090813093
MANHATTAN,2016,46,729,0,225,0,0.0
QUEENS,2016,46,813,1,504,2,0.0012300123001230013
STATEN ISLAND,2016,46,107,0,46,0,0.0
BOROUGH_NOT_SPECIFIED,2016,47,1499,0,761,0,0.0
BRONX,2016,47,376,1,205,3,0.0026595744680851063
BROOKLYN,2016,47,770,0,430,0,0.0
MANHATTAN,2016,47,563,0,151,0,0.0
QUEENS,2016,47,729,0,466,0,0.0
STATEN ISLAND,2016,47,121,0,64,0,0.0
BOROUGH_NOT_SPECIFIED,2016,48,1698,2,995,4,0.001177856301531213
BRONX,2016,48,413,0,284,0,0.0
BROOKLYN,2016,48,911,1,497,2,0.0010976948408342481
MANHATTAN,2016,48,659,0,251,0,0.0
QUEENS,2016,48,796,0,512,0,0.0
STATEN ISLAND,2016,48,133,0,70,0,0.0
BOROUGH_NOT_SPECIFIED,2016,49,1733,2,1058,5,0.001154068090017311
BRONX,2016,49,397,0,218,0,0.0
BROOKLYN,2016,49,808,1,494,2,0.0012376237623762376
MANHATTAN,2016,49,683,1,239,2,0.0014641288433382138
QUEENS,2016,49,761,1,384,2,0.001314060446780552
STATEN ISLAND,2016,49,143,0,51,0,0.0
BOROUGH_NOT_SPECIFIED,2016,50,1754,3,934,6,0.0017103762827822121
BRONX,2016,50,397,0,181,0,0.0
BROOKLYN,2016,50,889,0,502,0,0.0
MANHATTAN,2016,50,644,1,203,2,0.0015527950310559005
QUEENS,2016,50,781,0,428,0,0.0
STATEN ISLAND,2016,50,142,0,69,0,0.0
BOROUGH_NOT_SPECIFIED,2016,51,1661,0,993,0,0.0
BRONX,2016,51,424,0,241,0,0.0
BROOKLYN,2016,51,827,2,427,4,0.0024183796856106408
MANHATTAN,2016,51,510,0,196,0,0.0
QUEENS,2016,51,810,0,459,0,0.0
STATEN ISLAND,2016,51,131,0,41,0,0.0
BOROUGH_NOT_SPECIFIED,2016,52,1111,3,597,11,0.0027002700270027003
BRONX,2016,52,281,1,192,3,0.0035587188612099642
BROOKLYN,2016,52,573,1,344,2,0.0017452006980802793
MANHATTAN,2016,52,373,0,128,0,0.0
QUEENS,2016,52,565,0,293,0,0.0
STATEN ISLAND,2016,52,88,0,45,0,0.0
BOROUGH_NOT_SPECIFIED,2016,53,286,0,200,0,0.0
BRONX,2016,53,137,0,96,0,0.0
BROOKLYN,2016,53,307,0,233,0,0.0
MANHATTAN,2016,53,218,0,82,0,0.0
QUEENS,2016,53,282,0,126,0,0.0
STATEN ISLAND,2016,53,28,0,12,0,0.0
BOROUGH_NOT_SPECIFIED,2017,1,392,0,229,0,0.0
BRONX,2017,1,75,0,52,0,0.0
BROOKLYN,2017,1,157,1,114,2,0.006369426751592357
MANHATTAN,2017,1,107,0,46,0,0.0
QUEENS,2017,1,183,0,107,0,0.0
STATEN ISLAND,2017,1,21,0,5,0,0.0
BOROUGH_NOT_SPECIFIED,2017,52,158,1,131,2,0.006329113924050633
BRONX,2017,52,36,0,45,0,0.0
BROOKLYN,2017,52,86,2,66,5,0.023255813953488372
MANHATTAN,2017,52,59,0,31,0,0.0
QUEENS,2017,52,81,1,34,2,0.012345679012345678
STATEN ISLAND,2017,52,11,0,5,0,0.0
